{
  "project_info": {
    "project_number": "876089555140",
    "project_id": "controlandroid-2ecba",
    "storage_bucket": "controlandroid-2ecba.appspot.com"
  },
  "client": [
    {
      "client_info": {
        "mobilesdk_app_id": "1:876089555140:android:73c4830020430f43c9b191",
        "android_client_info": {
          "package_name": "com.example.controlandroid"
        }
      },
      "oauth_client": [],
      "api_key": [
        {
          "current_key": "AIzaSyC_kdbv8q8ItEQnND4ZxcRUZO16PUMLFcc"
        }
      ],
      "services": {
        "appinvite_service": {
          "other_platform_oauth_client": []
        }
      }
    }
  ],
  "configuration_version": "1"
}